<?xml version="1.0" encoding="UTF-8" standalone="no"?>
<beans xmlns="http://www.springframework.org/schema/beans"
 xmlns:aop="http://www.springframework.org/schema/aop"
  xmlns:context="http://www.springframework.org/schema/context"
   xmlns:cxf="http://cxf.apache.org/core" 
   xmlns:dwr="http://www.directwebremoting.org/schema/spring-dwr"
    xmlns:http="http://cxf.apache.org/transports/http/configuration" 
    xmlns:jaxws="http://cxf.apache.org/jaxws" 
    xmlns:tx="http://www.springframework.org/schema/tx" 
    xmlns:xsi="http://www.w3.org/2001/XMLSchema-instance" 
    xsi:schemaLocation="       
	   http://www.springframework.org/schema/beans       
	   http://www.springframework.org/schema/beans/spring-beans-4.0.xsd       
	   http://www.springframework.org/schema/aop        
	   http://www.springframework.org/schema/aop/spring-aop-4.0.xsd  
	   http://www.springframework.org/schema/tx      
	   http://www.springframework.org/schema/tx/spring-tx-4.0.xsd
	   http://www.springframework.org/schema/context   
	   http://www.springframework.org/schema/context/spring-context-4.0.xsd 
	   http://www.directwebremoting.org/schema/spring-dwr  
	   http://www.directwebremoting.org/schema/spring-dwr-3.0.xsd">


<!-- 扫描注解Bean -->
   <!-- 扫描注解Bean -->
    <context:component-scan base-package="com.kang" use-default-filters="false" >
   <context:exclude-filter expression="org.springframework.stereotype.Controller" type="annotation"/>
    </context:component-scan>


	 <!-- 配置dwr
    <dwr:configuration>
    	<dwr:convert class="java.lang.StackTraceElement" type="bean"/>
  		<dwr:convert class="java.lang.Exception" type="exception"/>
    </dwr:configuration>
    <dwr:annotation-scan base-package="com.kang.*.controller" scanDataTransferObject="true" scanRemoteProxy="true"/> 
    	 -->
    <!-- 部署项目时, 请把debug设为false 
	<dwr:controller id="dwrController" debug="true" /> -->  
	
	
	
	<!--
		<bean id="dataSource" class="org.logicalcobwebs.proxool.ProxoolDataSource">
		<property name="alias" value="proxoolDataSource"/>
		<property name="driver" value="com.mysql.jdbc.Driver" />
		<property name="driverUrl" value="jdbc:mysql://127.0.0.1:3306/spring3hibernate4jbpm4?useunicode=true&amp;characterEncoding=utf8" />
		<property name="user" value="root"/>
		<property name="password" value="123456"/>
		<property name="maximumConnectionCount" value="40"/>
		<property name="minimumConnectionCount" value="5" />
		<property name="statistics" value="1m,15m,1h,1d" />
		<property name="simultaneousBuildThrottle" value="30"/> 
	</bean> --> 
	<!--
	<bean class="org.apache.commons.dbcp.BasicDataSource" id="dataSource" destroy-method="close">
		<property name="driverClassName" value="com.mysql.jdbc.Driver">
		</property>
		<property name="url" value="jdbc:mysql://127.0.0.1:3306/spring3hibernate4?useunicode=true&amp;characterEncoding=utf8">
		</property>
		<property name="username" value="root"/>
		<property name="password" value="123456"/>
	</bean>   -->
	<!-- 配置jdbcTemplate
	<bean id="jdbcTemplate" class="org.springframework.jdbc.core.JdbcTemplate" scope="prototype">
		<property name="dataSource" ref="dataSource"/>
	</bean> -->
	
	 <!-- 开启AOP监听 只对当前配置文件有效 
	<aop:aspectj-autoproxy expose-proxy="true"/>-->
	
	<!-- 开启注解事务 只对当前配置文件有效 
  	<tx:annotation-driven transaction-manager="txManager"/>-->
	
	<!-- 配置事务
	<bean id="txManager" class="org.springframework.jdbc.datasource.DataSourceTransactionManager">
		<property name="dataSource" ref="dataSource"/>
	</bean>	 
		
	  <tx:advice id="txAdvice" transaction-manager="txManager">
        <tx:attributes>
            <tx:method name="save*" propagation="REQUIRED"/>
            <tx:method name="add*" propagation="REQUIRED"/>
            <tx:method name="create*" propagation="REQUIRED"/>
            <tx:method name="insert*" propagation="REQUIRED"/>
            <tx:method name="updt*" propagation="REQUIRED"/>
            <tx:method name="merge*" propagation="REQUIRED"/>
            <tx:method name="del*" propagation="REQUIRED"/>
            <tx:method name="remove*" propagation="REQUIRED"/>
            <tx:method name="put*" propagation="REQUIRED"/>
            <tx:method name="use*" propagation="REQUIRED"/>
            <tx:method name="*" propagation="REQUIRED" read-only="true"/>
        </tx:attributes>
    </tx:advice>-->
     <!--hibernate4必须配置为开启事务 否则 getCurrentSession()获取不到-->
            <!-- <tx:method name="get*" propagation="REQUIRED" read-only="true" />
            <tx:method name="count*" propagation="REQUIRED" read-only="true" />
            <tx:method name="find*" propagation="REQUIRED" read-only="true" />
            <tx:method name="list*" propagation="REQUIRED" read-only="true" /> -->
    
      <!-- 只对业务逻辑层实施事务
    <aop:config expose-proxy="true">
      
        <aop:pointcut expression="execution(* com.kang..service..*.*(..))" id="txPointcut"/>
        <aop:advisor advice-ref="txAdvice" pointcut-ref="txPointcut"/>
    </aop:config> -->
    <!-- <bean id="dataSource"
		class="org.apache.commons.dbcp.BasicDataSource">
		<property name="driverClassName"
			value="com.mysql.jdbc.Driver">
		</property>
		<property name="url"
			value="jdbc:mysql://127.0.0.1:3306/spring3hibernate4jbpm4?useunicode=true&amp;amp;characterEncoding=utf8">
		</property>
		<property name="username" value="root"></property>
		<property name="password" value="123456"></property>
	</bean> -->
		<!-- 	<prop key="hibernate.query.substitutions">true 1, false 0</prop>
                <prop key="hibernate.default_batch_fetch_size">16</prop>
                <prop key="hibernate.max_fetch_depth">2</prop>
                <prop key="hibernate.generate_statistics">true</prop>
                <prop key="hibernate.bytecode.use_reflection_optimizer">true</prop>
                <prop key="hibernate.cache.use_second_level_cache">true</prop>
                <prop key="hibernate.cache.use_query_cache">true</prop>
                <prop key="hibernate.cache.region.factory_class">
                		org.hibernate.cache.EhCacheRegionFactory
                </prop>
                <prop key="net.sf.ehcache.configurationResourceName">
                	ehcache_hibernate.xml
                </prop>
                <prop key="hibernate.cache.use_structured_entries">true</prop>
		 -->
		<!-- <property name="annotatedClasses">
			<list>
				<value>com.kang.model.TReimitm</value>
				<value>com.kang.model.SysUsers</value>
				<value>com.kang.model.TReimapp</value>
				<value>com.kang.model.TReim</value></list>
		</property> -->	
		 </beans>